candidate_id,source,model_path,rosetta_dG,rosetta_dSASA,interface_hbonds,interface_saltbridges,shape_complementarity,packstat,nres_interface,h1_contacts,h2_contacts,h3_contacts,l1_contacts,l2_contacts,l3_contacts,h1_hbonds,h2_hbonds,h3_hbonds,l1_hbonds,l2_hbonds,l3_hbonds,framework_contacts,n_cdrs_engaged,dominant_cdr,h3_kink_type,paratope_nres,crd1_contacts,crd2_contacts,crd1_fraction,crd2_fraction
Ab-1.1_CD40,af,haddock-project/outputs/haddock_refine/Ab-1.1_CD40/af/run/3_emref/emref_15.pdb.gz,132.21827503650428,2080.335272930451,25,5,0.7165475189685822,0.713064481050345,79,2,10,3,4,0,7,2,7,2,3,0,9,5,5,H2,KINKED,31,24,5,0.8276,0.1724
Ab-12.1_CD40,af,haddock-project/outputs/haddock_refine/Ab-12.1_CD40/af/run/3_emref/emref_17.pdb.gz,203.5350701774558,1768.9412917242944,10,5,0.6160955429077148,0.6669147505627765,75,6,4,3,5,5,0,2,1,2,2,1,0,9,5,H1,EXTENDED,32,18,3,0.8571,0.1429
Ab-15.1_CD40,af,haddock-project/outputs/haddock_refine/Ab-15.1_CD40/af/run/3_emref/emref_8.pdb.gz,160.32428060889868,1426.5595093692439,10,4,0.6961430311203003,0.7629567104455957,61,3,7,2,5,0,4,0,4,0,2,0,1,5,5,H2,KINKED,26,17,1,0.9444,0.0556
Ab-16.1_CD40,af,haddock-project/outputs/haddock_refine/Ab-16.1_CD40/af/run/3_emref/emref_6.pdb.gz,149.34650220127014,1615.5721902494502,18,1,0.6039653122425079,0.7384953785107407,69,2,2,2,6,3,2,0,1,2,5,1,2,5,6,L1,KINKED,22,20,3,0.8696,0.1304
Ab-19.1_CD40,af,haddock-project/outputs/haddock_refine/Ab-19.1_CD40/af/run/3_emref/emref_8.pdb.gz,161.72640406928326,1176.1393114702287,11,6,0.7029131948947906,0.7356210827641142,54,5,4,4,3,2,2,3,2,1,3,0,1,2,6,H1,KINKED,22,9,3,0.75,0.25
Ab-23.1_CD40,af,haddock-project/outputs/haddock_refine/Ab-23.1_CD40/af/run/3_emref/emref_13.pdb.gz,204.84871113465306,1615.0010254339709,11,2,0.7908437550067902,0.7516521576878298,70,4,5,3,2,1,5,1,3,2,1,1,2,3,6,H2,KINKED,23,21,3,0.875,0.125
Ab-24.1_CD40,af,haddock-project/outputs/haddock_refine/Ab-24.1_CD40/af/run/3_emref/emref_4.pdb.gz,111.33767596739682,1705.5802160381995,13,5,0.6297478079795837,0.6876873214277648,59,5,3,3,4,3,1,3,2,2,2,2,1,7,6,H1,KINKED,26,20,0,1.0,0.0
Ab-25.1_CD40,af,haddock-project/outputs/haddock_refine/Ab-25.1_CD40/af/run/3_emref/emref_3.pdb.gz,198.70028997114457,1926.2438145847918,15,3,0.7162289321422577,0.7287533295248025,74,4,1,4,4,7,1,2,0,2,2,3,0,7,6,L2,KINKED,28,22,3,0.88,0.12
Ab-26.1_CD40,af,haddock-project/outputs/haddock_refine/Ab-26.1_CD40/af/run/3_emref/emref_15.pdb.gz,237.94092510326908,1867.797454202992,14,5,0.6335118412971497,0.6466311913944134,68,6,8,3,0,1,4,1,5,2,0,1,2,7,5,H2,KINKED,29,26,1,0.963,0.037
Ab-28.1_CD40,af,haddock-project/outputs/haddock_refine/Ab-28.1_CD40/af/run/3_emref/emref_20.pdb.gz,187.9990033265151,2077.273724954868,15,4,0.6898348033428192,0.7071574705187319,76,3,5,0,8,3,5,0,1,0,5,0,2,8,5,L1,KINKED,32,26,5,0.8387,0.1613
Ab-29.1_CD40,af,haddock-project/outputs/haddock_refine/Ab-29.1_CD40/af/run/3_emref/emref_8.pdb.gz,237.8659422235495,1863.2573563693456,14,8,0.6986018121242523,0.7296500063323252,68,3,6,3,5,2,6,2,5,2,3,1,1,5,6,H2,KINKED,30,20,3,0.8696,0.1304
Ab-3.1_CD40,af,haddock-project/outputs/haddock_refine/Ab-3.1_CD40/af/run/3_emref/emref_11.pdb.gz,107.54011064808691,1519.1063298730387,12,2,0.6859762072563171,0.6985715959913628,63,2,8,2,1,1,6,2,4,1,0,1,3,3,6,H2,KINKED,23,14,4,0.7778,0.2222
Ab-30.1_CD40,af,haddock-project/outputs/haddock_refine/Ab-30.1_CD40/af/run/3_emref/emref_12.pdb.gz,206.86735736341933,1797.0402781944185,15,0,0.6093730330467224,0.7425325228406109,79,4,7,3,3,2,3,2,4,2,4,2,1,2,6,H2,KINKED,24,17,9,0.6538,0.3462
Ab-34.1_CD40,af,haddock-project/outputs/haddock_refine/Ab-34.1_CD40/af/run/3_emref/emref_6.pdb.gz,169.50331932210554,2032.0537488973605,14,4,0.5757452249526978,0.6990574745203831,77,5,1,4,3,7,2,2,0,0,2,4,1,7,6,L2,KINKED,29,21,4,0.84,0.16
Ab-35.1_CD40,af,haddock-project/outputs/haddock_refine/Ab-35.1_CD40/af/run/3_emref/emref_15.pdb.gz,131.17621801435803,1442.851219337324,8,1,0.6924591362476349,0.656702227225537,66,2,4,4,3,4,2,1,2,0,2,2,1,3,6,H2,KINKED,22,18,1,0.9474,0.0526
Ab-36.1_CD40,af,haddock-project/outputs/haddock_refine/Ab-36.1_CD40/af/run/3_emref/emref_2.pdb.gz,180.0478828439169,1676.1229988301354,13,2,0.7746537625789642,0.7431327802191263,60,5,4,6,4,3,2,1,3,3,3,2,1,1,6,H3,KINKED,25,16,1,0.9412,0.0588
Ab-37.1_CD40,af,haddock-project/outputs/haddock_refine/Ab-37.1_CD40/af/run/3_emref/emref_12.pdb.gz,133.0094048309083,1880.4624010135044,15,4,0.6887304782867432,0.730804530004991,67,3,6,3,4,3,5,2,3,2,3,3,2,5,6,H2,KINKED,29,22,1,0.9565,0.0435
Ab-38.1_CD40,af,haddock-project/outputs/haddock_refine/Ab-38.1_CD40/af/run/3_emref/emref_1.pdb.gz,253.14318761693755,1824.389300563471,17,1,0.7382794618606567,0.6866633603523172,62,5,6,5,4,3,3,3,3,2,5,2,2,2,6,H2,KINKED,28,19,0,1.0,0.0
Ab-6.1_CD40,af,haddock-project/outputs/haddock_refine/Ab-6.1_CD40/af/run/3_emref/emref_11.pdb.gz,180.59305610871883,1861.2254440541735,7,3,0.6617851555347443,0.7327462234411267,75,5,6,2,3,1,4,0,0,0,1,1,3,6,6,H2,KINKED,27,17,7,0.7083,0.2917
Ab-9.1_CD40,af,haddock-project/outputs/haddock_refine/Ab-9.1_CD40/af/run/3_emref/emref_9.pdb.gz,158.7466994298589,1416.0701891630226,9,3,0.5136666744947433,0.6694269749714,60,3,0,3,4,4,0,0,0,0,1,5,0,4,4,L1,EXTENDED,18,16,2,0.8889,0.1111
Ab-11.1_CD40,af2,haddock-project/outputs/haddock_refine/Ab-11.1_CD40/af2/run/3_emref/emref_7.pdb.gz,311.25611901881496,2419.735389090528,21,1,0.706633597612381,0.7241139470060021,95,2,7,3,9,4,9,0,3,2,7,0,4,12,6,L1,EXTENDED,46,27,2,0.931,0.069
Ab-12.1_CD40,af2,haddock-project/outputs/haddock_refine/Ab-12.1_CD40/af2/run/3_emref/emref_17.pdb.gz,117.84520234913441,1577.3015334969677,12,4,0.7423858940601349,0.7169533261338022,66,4,6,2,7,5,3,1,2,0,2,2,0,5,6,L1,EXTENDED,32,20,0,1.0,0.0
Ab-25.1_CD40,af2,haddock-project/outputs/haddock_refine/Ab-25.1_CD40/af2/run/3_emref/emref_12.pdb.gz,600.451532230931,1655.6687639232566,11,0,0.6753477156162262,0.6986018318810316,71,3,3,3,1,7,0,2,1,0,0,5,0,12,5,L2,KINKED,29,11,7,0.6111,0.3889
Ab-29.1_CD40,af2,haddock-project/outputs/haddock_refine/Ab-29.1_CD40/af2/run/3_emref/emref_7.pdb.gz,70.97093089194425,441.8309689284812,3,6,0.5038750320672989,0.5523486350026744,17,2,0,1,0,1,0,0,0,0,0,2,0,2,3,H1,KINKED,6,4,2,0.6667,0.3333
Ab-30.1_CD40,af2,haddock-project/outputs/haddock_refine/Ab-30.1_CD40/af2/run/3_emref/emref_4.pdb.gz,146.67880623211204,1228.0957542342055,12,3,0.7399942874908447,0.7662438244597767,47,3,4,4,3,0,5,2,1,4,2,0,3,3,5,L3,KINKED,22,13,0,1.0,0.0
Ab-36.1_CD40,af2,haddock-project/outputs/haddock_refine/Ab-36.1_CD40/af2/run/3_emref/emref_14.pdb.gz,455.82098235773583,3830.7878342242543,25,3,0.7968365252017975,0.7194827601267597,110,6,2,5,8,7,5,4,1,1,1,9,2,29,6,L1,KINKED,62,32,1,0.9697,0.0303
Ab-38.1_CD40,af2,haddock-project/outputs/haddock_refine/Ab-38.1_CD40/af2/run/3_emref/emref_15.pdb.gz,599.4937192308664,2338.375345633108,18,3,0.7287468314170837,0.6336139875716199,85,2,4,4,7,1,7,0,2,2,5,1,7,9,6,L1,KINKED,34,25,1,0.9615,0.0385
Ab-1.1_CD40,boltz,haddock-project/outputs/haddock_refine/Ab-1.1_CD40/boltz/run/3_emref/emref_16.pdb.gz,290.3643235222012,1779.164724593757,21,9,0.6692614853382111,0.701490917811793,62,4,6,4,2,1,5,5,2,6,1,1,4,5,6,H2,KINKED,27,21,1,0.9545,0.0455
Ab-11.1_CD40,boltz,haddock-project/outputs/haddock_refine/Ab-11.1_CD40/boltz/run/3_emref/emref_17.pdb.gz,105.46050508519761,1265.6155082863288,3,0,0.645292192697525,0.5367503882815159,49,0,0,0,0,0,0,0,0,0,0,0,0,17,0,none,EXTENDED,17,16,0,1.0,0.0
Ab-12.1_CD40,boltz,haddock-project/outputs/haddock_refine/Ab-12.1_CD40/boltz/run/3_emref/emref_12.pdb.gz,169.49619158776363,1373.7584203315291,16,5,0.7588331699371338,0.7197634291415809,58,3,8,3,2,0,5,0,10,0,0,0,2,7,5,H2,EXTENDED,28,13,0,1.0,0.0
Ab-15.1_CD40,boltz,haddock-project/outputs/haddock_refine/Ab-15.1_CD40/boltz/run/3_emref/emref_14.pdb.gz,156.4332500101392,1385.1742078468224,11,3,0.7323591709136963,0.6810305187498849,55,0,0,4,4,3,1,0,0,0,5,2,0,8,4,H3,KINKED,20,15,0,1.0,0.0
Ab-16.1_CD40,boltz,haddock-project/outputs/haddock_refine/Ab-16.1_CD40/boltz/run/3_emref/emref_11.pdb.gz,156.93423503716815,1510.908937255442,15,5,0.7140680849552155,0.6303209418901147,60,5,3,4,1,4,0,6,1,1,1,2,0,10,5,H1,KINKED,27,16,0,1.0,0.0
Ab-19.1_CD40,boltz,haddock-project/outputs/haddock_refine/Ab-19.1_CD40/boltz/run/3_emref/emref_2.pdb.gz,230.0573575487531,1897.4466731428136,11,9,0.7247886061668396,0.6776186765641382,84,4,5,6,5,5,2,3,1,0,4,3,0,4,6,H3,KINKED,31,19,4,0.8261,0.1739
Ab-23.1_CD40,boltz,haddock-project/outputs/haddock_refine/Ab-23.1_CD40/boltz/run/3_emref/emref_20.pdb.gz,226.6717579748132,1729.1567906777643,11,0,0.7446726262569427,0.7061884579306488,71,4,1,4,3,4,4,2,1,2,2,3,1,8,6,H1,KINKED,28,20,0,1.0,0.0
Ab-24.1_CD40,boltz,haddock-project/outputs/haddock_refine/Ab-24.1_CD40/boltz/run/3_emref/emref_1.pdb.gz,205.60603245880964,2114.814795294922,21,2,0.7119618058204651,0.6509925986283922,80,5,3,5,3,6,2,3,3,2,1,5,2,8,6,L2,KINKED,32,27,1,0.9643,0.0357
Ab-25.1_CD40,boltz,haddock-project/outputs/haddock_refine/Ab-25.1_CD40/boltz/run/3_emref/emref_13.pdb.gz,109.27725758777933,1331.945916507351,6,3,0.6510782241821289,0.6136464896684776,59,0,0,1,0,0,0,0,0,0,0,0,0,21,1,H3,KINKED,22,12,0,1.0,0.0
Ab-26.1_CD40,boltz,haddock-project/outputs/haddock_refine/Ab-26.1_CD40/boltz/run/3_emref/emref_5.pdb.gz,214.19518341417552,2307.3040712038546,14,7,0.7314082086086273,0.6757021562635548,89,4,9,3,1,1,6,2,4,2,0,1,2,13,6,H2,KINKED,37,29,0,1.0,0.0
Ab-28.1_CD40,boltz,haddock-project/outputs/haddock_refine/Ab-28.1_CD40/boltz/run/3_emref/emref_17.pdb.gz,113.52448455388378,1445.8314970259166,6,1,0.8169805109500885,0.6340923483476419,62,1,2,1,3,2,7,0,0,0,1,0,4,6,6,L3,KINKED,22,16,0,1.0,0.0
Ab-29.1_CD40,boltz,haddock-project/outputs/haddock_refine/Ab-29.1_CD40/boltz/run/3_emref/emref_16.pdb.gz,160.2359248645804,1819.8046851983697,15,6,0.6304384768009186,0.6230427593870601,67,4,8,3,5,2,3,4,5,1,5,0,0,2,6,H2,KINKED,27,23,1,0.9583,0.0417
Ab-3.1_CD40,boltz,haddock-project/outputs/haddock_refine/Ab-3.1_CD40/boltz/run/3_emref/emref_12.pdb.gz,107.62828738649887,1513.2357016159356,11,2,0.7097494900226593,0.6232426707176197,61,4,5,3,1,1,4,1,3,1,0,0,2,5,6,H2,KINKED,23,18,1,0.9474,0.0526
Ab-30.1_CD40,boltz,haddock-project/outputs/haddock_refine/Ab-30.1_CD40/boltz/run/3_emref/emref_2.pdb.gz,130.06132578553877,1742.1545368700467,11,5,0.7076159119606018,0.6079542196885183,62,5,3,4,4,4,3,1,1,2,5,1,0,7,6,H1,KINKED,30,18,0,1.0,0.0
Ab-34.1_CD40,boltz,haddock-project/outputs/haddock_refine/Ab-34.1_CD40/boltz/run/3_emref/emref_3.pdb.gz,172.99730618532533,1822.8832908585102,11,5,0.6983806192874908,0.6824588946270024,67,3,7,4,5,0,6,1,4,1,1,0,3,3,5,H2,KINKED,28,19,0,1.0,0.0
Ab-35.1_CD40,boltz,haddock-project/outputs/haddock_refine/Ab-35.1_CD40/boltz/run/3_emref/emref_1.pdb.gz,187.24504101807395,2116.6401692249224,12,6,0.7011290192604065,0.6745498741019649,82,4,6,6,4,5,4,3,2,1,1,1,1,9,6,H2,KINKED,38,23,1,0.9583,0.0417
Ab-36.1_CD40,boltz,haddock-project/outputs/haddock_refine/Ab-36.1_CD40/boltz/run/3_emref/emref_1.pdb.gz,153.48863599703589,1273.7514730712744,12,1,0.6512388586997986,0.7773105649196231,45,2,7,1,4,1,3,1,5,1,3,1,1,3,6,H2,KINKED,21,13,0,1.0,0.0
Ab-37.1_CD40,boltz,haddock-project/outputs/haddock_refine/Ab-37.1_CD40/boltz/run/3_emref/emref_10.pdb.gz,187.89285508825964,1804.8851065460944,14,5,0.6913300156593323,0.6777973046576952,75,6,5,4,3,2,5,1,3,2,2,3,3,3,6,H1,KINKED,28,21,0,1.0,0.0
Ab-38.1_CD40,boltz,haddock-project/outputs/haddock_refine/Ab-38.1_CD40/boltz/run/3_emref/emref_15.pdb.gz,218.22933774393454,2048.778246220804,20,2,0.7564966082572937,0.7259493601306928,79,4,8,5,6,2,4,3,3,3,7,1,3,2,6,H2,KINKED,31,25,1,0.9615,0.0385
Ab-6.1_CD40,boltz,haddock-project/outputs/haddock_refine/Ab-6.1_CD40/boltz/run/3_emref/emref_3.pdb.gz,139.05980232297827,1459.0598050908966,14,4,0.7213888168334961,0.6231398596723672,54,2,6,1,3,2,4,1,1,0,2,2,5,6,6,H2,KINKED,24,17,0,1.0,0.0
Ab-9.1_CD40,boltz,haddock-project/outputs/haddock_refine/Ab-9.1_CD40/boltz/run/3_emref/emref_9.pdb.gz,174.67514061327006,2304.493245593085,17,5,0.6850717663764954,0.6706767624165689,76,6,5,4,4,2,2,4,1,3,4,2,1,11,6,H1,EXTENDED,34,23,1,0.9583,0.0417
